{
	"2021BloomingRace": {
		"success": {
			"0": {
				"origin": "262, 84",
				"z" : 0,
				"delay" : 150,
				"_outlink" : "Effect/_Canvas/EventEffect.img/2021bloomingrace/success/0"
			},
			"1": {
				"origin": "256, 80",
				"z" : 0,
				"delay" : 150,
				"_outlink" : "Effect/_Canvas/EventEffect.img/2021bloomingrace/success/1"
			},
			"2": {
				"origin": "230, 75",
				"z" : 0,
				"delay" : 150,
				"_outlink" : "Effect/_Canvas/EventEffect.img/2021bloomingrace/success/2"
			},
			"3": {
				"origin": "251, 87",
				"z" : 0,
				"delay" : 150,
				"_outlink" : "Effect/_Canvas/EventEffect.img/2021bloomingrace/success/3"
			},
			"4": {
				"origin": "260, 78",
				"z" : 0,
				"delay" : 150,
				"_outlink" : "Effect/_Canvas/EventEffect.img/2021bloomingrace/success/4"
			},
			"5": {
				"origin": "259, 78",
				"z" : 0,
				"delay" : 150,
				"_outlink" : "Effect/_Canvas/EventEffect.img/2021bloomingrace/success/5"
			},
			"6": {
				"origin": "192, 72",
				"z" : 0,
				"delay" : 150,
				"_outlink" : "Effect/_Canvas/EventEffect.img/2021bloomingrace/success/6"
			},
			"7": {
				"origin": "204, 47",
				"z" : 0,
				"delay" : 150,
				"_outlink" : "Effect/_Canvas/EventEffect.img/2021bloomingrace/success/7"
			},
			"8": {
				"origin": "269, 22",
				"z" : 0,
				"delay" : 150,
				"_outlink" : "Effect/_Canvas/EventEffect.img/2021bloomingrace/success/8"
			},
			"9": {
				"origin": "284, 8",
				"z" : 0,
				"delay" : 150,
				"_outlink" : "Effect/_Canvas/EventEffect.img/2021bloomingrace/success/9"
			}
		}
	}
}